adamgottie,30,"Twitter:@ragelrolan, Discord:dabsky#7366"
ratamahatta,30,"Twitter:@airdrop79, Discord:aiolos#6400"
testnet-acc,30,"Twitter:@rajubis05329927, Discord:rajub99#6474"
villa-potter,30,"Twitter:@cryptotowneu, Discord:leslieajax"
adamgottie,30,"Twitter:@ragelrolan, Discord:dabsky#7366"
ratamahatta,30,"Twitter:@airdrop79, Discord:aiolos#6400"
testnet-acc,30,"Twitter:@rajubis05329927, Discord:rajub99#6474"
villa-potter,30,"Twitter:@cryptotowneu, Discord:leslieajax"
adamgottie,30,"Twitter:@ragelrolan, Discord:dabsky#7366"
ratamahatta,30,"Twitter:@airdrop79, Discord:aiolos#6400"
testnet-acc,30,"Twitter:@rajubis05329927, Discord:rajub99#6474"
villa-potter,30,"Twitter:@cryptotowneu, Discord:leslieajax"
adamgottie,30,"Twitter:@ragelrolan, Discord:dabsky#7366"
ratamahatta,30,"Twitter:@airdrop79, Discord:aiolos#6400"
testnet-acc,30,"Twitter:@rajubis05329927, Discord:rajub99#6474"
villa-potter,30,"Twitter:@cryptotowneu, Discord:leslieajax"
adamgottie,30,"Twitter:@ragelrolan, Discord:dabsky#7366"
ratamahatta,30,"Twitter:@airdrop79, Discord:aiolos#6400"
testnet-acc,30,"Twitter:@rajubis05329927, Discord:rajub99#6474"
villa-potter,30,"Twitter:@cryptotowneu, Discord:leslieajax"
adamgottie,30,"Twitter:@ragelrolan, Discord:dabsky#7366"
ratamahatta,30,"Twitter:@airdrop79, Discord:aiolos#6400"
testnet-acc,30,"Twitter:@rajubis05329927, Discord:rajub99#6474"
villa-potter,30,"Twitter:@cryptotowneu, Discord:leslieajax"
adamgottie,30,"Twitter:@ragelrolan, Discord:dabsky#7366"
ratamahatta,30,"Twitter:@airdrop79, Discord:aiolos#6400"
testnet-acc,30,"Twitter:@rajubis05329927, Discord:rajub99#6474"
villa-potter,30,"Twitter:@cryptotowneu, Discord:leslieajax"
adamgottie,30,"Twitter:@ragelrolan, Discord:dabsky#7366"
ratamahatta,30,"Twitter:@airdrop79, Discord:aiolos#6400"
testnet-acc,30,"Twitter:@rajubis05329927, Discord:rajub99#6474"
villa-potter,30,"Twitter:@cryptotowneu, Discord:leslieajax"
adamgottie,30,"Twitter:@ragelrolan, Discord:dabsky#7366"
ratamahatta,30,"Twitter:@airdrop79, Discord:aiolos#6400"
testnet-acc,30,"Twitter:@rajubis05329927, Discord:rajub99#6474"
villa-potter,30,"Twitter:@cryptotowneu, Discord:leslieajax"
adamgottie,30,"Twitter:@ragelrolan, Discord:dabsky#7366"
ratamahatta,30,"Twitter:@airdrop79, Discord:aiolos#6400"
testnet-acc,30,"Twitter:@rajubis05329927, Discord:rajub99#6474"
villa-potter,30,"Twitter:@cryptotowneu, Discord:leslieajax"
adamgottie,30,"Twitter:@ragelrolan, Discord:dabsky#7366"
ratamahatta,30,"Twitter:@airdrop79, Discord:aiolos#6400"
testnet-acc,30,"Twitter:@rajubis05329927, Discord:rajub99#6474"
villa-potter,30,"Twitter:@cryptotowneu, Discord:leslieajax"
adamgottie,30,"Twitter:@ragelrolan, Discord:dabsky#7366"
ratamahatta,30,"Twitter:@airdrop79, Discord:aiolos#6400"
testnet-acc,30,"Twitter:@rajubis05329927, Discord:rajub99#6474"
villa-potter,30,"Twitter:@cryptotowneu, Discord:leslieajax"
adamgottie,30,"Twitter:@ragelrolan, Discord:dabsky#7366"
ratamahatta,30,"Twitter:@airdrop79, Discord:aiolos#6400"
testnet-acc,30,"Twitter:@rajubis05329927, Discord:rajub99#6474"
villa-potter,30,"Twitter:@cryptotowneu, Discord:leslieajax"
adamgottie,30,"Twitter:@ragelrolan, Discord:dabsky#7366"
ratamahatta,30,"Twitter:@airdrop79, Discord:aiolos#6400"
testnet-acc,30,"Twitter:@rajubis05329927, Discord:rajub99#6474"
villa-potter,30,"Twitter:@cryptotowneu, Discord:leslieajax"
adamgottie,30,"Twitter:@ragelrolan, Discord:dabsky#7366"
ratamahatta,30,"Twitter:@airdrop79, Discord:aiolos#6400"
testnet-acc,30,"Twitter:@rajubis05329927, Discord:rajub99#6474"
villa-potter,30,"Twitter:@cryptotowneu, Discord:leslieajax"
adamgottie,30,"Twitter:@ragelrolan, Discord:dabsky#7366"
ratamahatta,30,"Twitter:@airdrop79, Discord:aiolos#6400"
testnet-acc,30,"Twitter:@rajubis05329927, Discord:rajub99#6474"
villa-potter,30,"Twitter:@cryptotowneu, Discord:leslieajax"
adamgottie,30,"Twitter:@ragelrolan, Discord:dabsky#7366"
ratamahatta,30,"Twitter:@airdrop79, Discord:aiolos#6400"
testnet-acc,30,"Twitter:@rajubis05329927, Discord:rajub99#6474"
villa-potter,30,"Twitter:@cryptotowneu, Discord:leslieajax"
adamgottie,30,"Twitter:@ragelrolan, Discord:dabsky#7366"
ratamahatta,30,"Twitter:@airdrop79, Discord:aiolos#6400"
testnet-acc,30,"Twitter:@rajubis05329927, Discord:rajub99#6474"
villa-potter,30,"Twitter:@cryptotowneu, Discord:leslieajax"
adamgottie,30,"Twitter:@ragelrolan, Discord:dabsky#7366"
ratamahatta,30,"Twitter:@airdrop79, Discord:aiolos#6400"
testnet-acc,30,"Twitter:@rajubis05329927, Discord:rajub99#6474"
villa-potter,30,"Twitter:@cryptotowneu, Discord:leslieajax"
adamgottie,30,"Twitter:@ragelrolan, Discord:dabsky#7366"
ratamahatta,30,"Twitter:@airdrop79, Discord:aiolos#6400"
testnet-acc,30,"Twitter:@rajubis05329927, Discord:rajub99#6474"
villa-potter,30,"Twitter:@cryptotowneu, Discord:leslieajax"
adamgottie,30,"Twitter:@ragelrolan, Discord:dabsky#7366"
ratamahatta,30,"Twitter:@airdrop79, Discord:aiolos#6400"
testnet-acc,30,"Twitter:@rajubis05329927, Discord:rajub99#6474"
villa-potter,30,"Twitter:@cryptotowneu, Discord:leslieajax"
adamgottie,30,"Twitter:@ragelrolan, Discord:dabsky#7366"
ratamahatta,30,"Twitter:@airdrop79, Discord:aiolos#6400"
testnet-acc,30,"Twitter:@rajubis05329927, Discord:rajub99#6474"
villa-potter,30,"Twitter:@cryptotowneu, Discord:leslieajax"
adamgottie,30,"Twitter:@ragelrolan, Discord:dabsky#7366"
ratamahatta,30,"Twitter:@airdrop79, Discord:aiolos#6400"
testnet-acc,30,"Twitter:@rajubis05329927, Discord:rajub99#6474"
villa-potter,30,"Twitter:@cryptotowneu, Discord:leslieajax"
adamgottie,30,"Twitter:@ragelrolan, Discord:dabsky#7366"
ratamahatta,30,"Twitter:@airdrop79, Discord:aiolos#6400"
testnet-acc,30,"Twitter:@rajubis05329927, Discord:rajub99#6474"
villa-potter,30,"Twitter:@cryptotowneu, Discord:leslieajax"
adamgottie,30,"Twitter:@ragelrolan, Discord:dabsky#7366"
ratamahatta,30,"Twitter:@airdrop79, Discord:aiolos#6400"
testnet-acc,30,"Twitter:@rajubis05329927, Discord:rajub99#6474"
villa-potter,30,"Twitter:@cryptotowneu, Discord:leslieajax"
adamgottie,30,"Twitter:@ragelrolan, Discord:dabsky#7366"
ratamahatta,30,"Twitter:@airdrop79, Discord:aiolos#6400"
testnet-acc,30,"Twitter:@rajubis05329927, Discord:rajub99#6474"
villa-potter,30,"Twitter:@cryptotowneu, Discord:leslieajax"
adamgottie,30,"Twitter:@ragelrolan, Discord:dabsky#7366"
ratamahatta,30,"Twitter:@airdrop79, Discord:aiolos#6400"
testnet-acc,30,"Twitter:@rajubis05329927, Discord:rajub99#6474"
villa-potter,30,"Twitter:@cryptotowneu, Discord:leslieajax"
adamgottie,30,"Twitter:@ragelrolan, Discord:dabsky#7366"
ratamahatta,30,"Twitter:@airdrop79, Discord:aiolos#6400"
testnet-acc,30,"Twitter:@rajubis05329927, Discord:rajub99#6474"
villa-potter,30,"Twitter:@cryptotowneu, Discord:leslieajax"
adamgottie,30,"Twitter:@ragelrolan, Discord:dabsky#7366"
ratamahatta,30,"Twitter:@airdrop79, Discord:aiolos#6400"
testnet-acc,30,"Twitter:@rajubis05329927, Discord:rajub99#6474"
villa-potter,30,"Twitter:@cryptotowneu, Discord:leslieajax"
adamgottie,30,"Twitter:@ragelrolan, Discord:dabsky#7366"
ratamahatta,30,"Twitter:@airdrop79, Discord:aiolos#6400"
testnet-acc,30,"Twitter:@rajubis05329927, Discord:rajub99#6474"
villa-potter,30,"Twitter:@cryptotowneu, Discord:leslieajax"
adamgottie,30,"Twitter:@ragelrolan, Discord:dabsky#7366"
ratamahatta,30,"Twitter:@airdrop79, Discord:aiolos#6400"
testnet-acc,30,"Twitter:@rajubis05329927, Discord:rajub99#6474"
villa-potter,30,"Twitter:@cryptotowneu, Discord:leslieajax"
adamgottie,30,"Twitter:@ragelrolan, Discord:dabsky#7366"
ratamahatta,30,"Twitter:@airdrop79, Discord:aiolos#6400"
testnet-acc,30,"Twitter:@rajubis05329927, Discord:rajub99#6474"
villa-potter,30,"Twitter:@cryptotowneu, Discord:leslieajax"
adamgottie,30,"Twitter:@ragelrolan, Discord:dabsky#7366"
ratamahatta,30,"Twitter:@airdrop79, Discord:aiolos#6400"
testnet-acc,30,"Twitter:@rajubis05329927, Discord:rajub99#6474"
villa-potter,30,"Twitter:@cryptotowneu, Discord:leslieajax"
adamgottie,30,"Twitter:@ragelrolan, Discord:dabsky#7366"
ratamahatta,30,"Twitter:@airdrop79, Discord:aiolos#6400"
testnet-acc,30,"Twitter:@rajubis05329927, Discord:rajub99#6474"
villa-potter,30,"Twitter:@cryptotowneu, Discord:leslieajax"
adamgottie,30,"Twitter:@ragelrolan, Discord:dabsky#7366"
ratamahatta,30,"Twitter:@airdrop79, Discord:aiolos#6400"
testnet-acc,30,"Twitter:@rajubis05329927, Discord:rajub99#6474"
villa-potter,30,"Twitter:@cryptotowneu, Discord:leslieajax"
adamgottie,30,"Twitter:@ragelrolan, Discord:dabsky#7366"
ratamahatta,30,"Twitter:@airdrop79, Discord:aiolos#6400"
testnet-acc,30,"Twitter:@rajubis05329927, Discord:rajub99#6474"
villa-potter,30,"Twitter:@cryptotowneu, Discord:leslieajax"
adamgottie,30,"Twitter:@ragelrolan, Discord:dabsky#7366"
ratamahatta,30,"Twitter:@airdrop79, Discord:aiolos#6400"
testnet-acc,30,"Twitter:@rajubis05329927, Discord:rajub99#6474"
villa-potter,30,"Twitter:@cryptotowneu, Discord:leslieajax"
adamgottie,30,"Twitter:@ragelrolan, Discord:dabsky#7366"
ratamahatta,30,"Twitter:@airdrop79, Discord:aiolos#6400"
testnet-acc,30,"Twitter:@rajubis05329927, Discord:rajub99#6474"
villa-potter,30,"Twitter:@cryptotowneu, Discord:leslieajax"
adamgottie,30,"Twitter:@ragelrolan, Discord:dabsky#7366"
ratamahatta,30,"Twitter:@airdrop79, Discord:aiolos#6400"
testnet-acc,30,"Twitter:@rajubis05329927, Discord:rajub99#6474"
villa-potter,30,"Twitter:@cryptotowneu, Discord:leslieajax"
adamgottie,30,"Twitter:@ragelrolan, Discord:dabsky#7366"
ratamahatta,30,"Twitter:@airdrop79, Discord:aiolos#6400"
testnet-acc,30,"Twitter:@rajubis05329927, Discord:rajub99#6474"
villa-potter,30,"Twitter:@cryptotowneu, Discord:leslieajax"
adamgottie,30,"Twitter:@ragelrolan, Discord:dabsky#7366"
ratamahatta,30,"Twitter:@airdrop79, Discord:aiolos#6400"
testnet-acc,30,"Twitter:@rajubis05329927, Discord:rajub99#6474"
villa-potter,30,"Twitter:@cryptotowneu, Discord:leslieajax"
adamgottie,30,"Twitter:@ragelrolan, Discord:dabsky#7366"
ratamahatta,30,"Twitter:@airdrop79, Discord:aiolos#6400"
testnet-acc,30,"Twitter:@rajubis05329927, Discord:rajub99#6474"
villa-potter,30,"Twitter:@cryptotowneu, Discord:leslieajax"
adamgottie,30,"Twitter:@ragelrolan, Discord:dabsky#7366"
ratamahatta,30,"Twitter:@airdrop79, Discord:aiolos#6400"
testnet-acc,30,"Twitter:@rajubis05329927, Discord:rajub99#6474"
villa-potter,30,"Twitter:@cryptotowneu, Discord:leslieajax"
adamgottie,30,"Twitter:@ragelrolan, Discord:dabsky#7366"
ratamahatta,30,"Twitter:@airdrop79, Discord:aiolos#6400"
testnet-acc,30,"Twitter:@rajubis05329927, Discord:rajub99#6474"
villa-potter,30,"Twitter:@cryptotowneu, Discord:leslieajax"
adamgottie,30,"Twitter:@ragelrolan, Discord:dabsky#7366"
ratamahatta,30,"Twitter:@airdrop79, Discord:aiolos#6400"
testnet-acc,30,"Twitter:@rajubis05329927, Discord:rajub99#6474"
villa-potter,30,"Twitter:@cryptotowneu, Discord:leslieajax"
adamgottie,30,"Twitter:@ragelrolan, Discord:dabsky#7366"
ratamahatta,30,"Twitter:@airdrop79, Discord:aiolos#6400"
testnet-acc,30,"Twitter:@rajubis05329927, Discord:rajub99#6474"
villa-potter,30,"Twitter:@cryptotowneu, Discord:leslieajax"
adamgottie,30,"Twitter:@ragelrolan, Discord:dabsky#7366"
ratamahatta,30,"Twitter:@airdrop79, Discord:aiolos#6400"
testnet-acc,30,"Twitter:@rajubis05329927, Discord:rajub99#6474"
villa-potter,30,"Twitter:@cryptotowneu, Discord:leslieajax"
adamgottie,30,"Twitter:@ragelrolan, Discord:dabsky#7366"
ratamahatta,30,"Twitter:@airdrop79, Discord:aiolos#6400"
testnet-acc,30,"Twitter:@rajubis05329927, Discord:rajub99#6474"
villa-potter,30,"Twitter:@cryptotowneu, Discord:leslieajax"
adamgottie,30,"Twitter:@ragelrolan, Discord:dabsky#7366"
ratamahatta,30,"Twitter:@airdrop79, Discord:aiolos#6400"
testnet-acc,30,"Twitter:@rajubis05329927, Discord:rajub99#6474"
villa-potter,30,"Twitter:@cryptotowneu, Discord:leslieajax"
adamgottie,30,"Twitter:@ragelrolan, Discord:dabsky#7366"
ratamahatta,30,"Twitter:@airdrop79, Discord:aiolos#6400"
testnet-acc,30,"Twitter:@rajubis05329927, Discord:rajub99#6474"
villa-potter,30,"Twitter:@cryptotowneu, Discord:leslieajax"
adamgottie,30,"Twitter:@ragelrolan, Discord:dabsky#7366"
ratamahatta,30,"Twitter:@airdrop79, Discord:aiolos#6400"
testnet-acc,30,"Twitter:@rajubis05329927, Discord:rajub99#6474"
villa-potter,30,"Twitter:@cryptotowneu, Discord:leslieajax"
adamgottie,30,"Twitter:@ragelrolan, Discord:dabsky#7366"
ratamahatta,30,"Twitter:@airdrop79, Discord:aiolos#6400"
testnet-acc,30,"Twitter:@rajubis05329927, Discord:rajub99#6474"
villa-potter,30,"Twitter:@cryptotowneu, Discord:leslieajax"
adamgottie,30,"Twitter:@ragelrolan, Discord:dabsky#7366"
ratamahatta,30,"Twitter:@airdrop79, Discord:aiolos#6400"
testnet-acc,30,"Twitter:@rajubis05329927, Discord:rajub99#6474"
villa-potter,30,"Twitter:@cryptotowneu, Discord:leslieajax"
adamgottie,30,"Twitter:@ragelrolan, Discord:dabsky#7366"
ratamahatta,30,"Twitter:@airdrop79, Discord:aiolos#6400"
testnet-acc,30,"Twitter:@rajubis05329927, Discord:rajub99#6474"
villa-potter,30,"Twitter:@cryptotowneu, Discord:leslieajax"
adamgottie,30,"Twitter:@ragelrolan, Discord:dabsky#7366"
ratamahatta,30,"Twitter:@airdrop79, Discord:aiolos#6400"
testnet-acc,30,"Twitter:@rajubis05329927, Discord:rajub99#6474"
villa-potter,30,"Twitter:@cryptotowneu, Discord:leslieajax"
adamgottie,30,"Twitter:@ragelrolan, Discord:dabsky#7366"
ratamahatta,30,"Twitter:@airdrop79, Discord:aiolos#6400"
testnet-acc,30,"Twitter:@rajubis05329927, Discord:rajub99#6474"
villa-potter,30,"Twitter:@cryptotowneu, Discord:leslieajax"
adamgottie,30,"Twitter:@ragelrolan, Discord:dabsky#7366"
ratamahatta,30,"Twitter:@airdrop79, Discord:aiolos#6400"
testnet-acc,30,"Twitter:@rajubis05329927, Discord:rajub99#6474"
villa-potter,30,"Twitter:@cryptotowneu, Discord:leslieajax"
adamgottie,30,"Twitter:@ragelrolan, Discord:dabsky#7366"
ratamahatta,30,"Twitter:@airdrop79, Discord:aiolos#6400"
testnet-acc,30,"Twitter:@rajubis05329927, Discord:rajub99#6474"
villa-potter,30,"Twitter:@cryptotowneu, Discord:leslieajax"
adamgottie,30,"Twitter:@ragelrolan, Discord:dabsky#7366"
ratamahatta,30,"Twitter:@airdrop79, Discord:aiolos#6400"
testnet-acc,30,"Twitter:@rajubis05329927, Discord:rajub99#6474"
villa-potter,30,"Twitter:@cryptotowneu, Discord:leslieajax"
adamgottie,30,"Twitter:@ragelrolan, Discord:dabsky#7366"
ratamahatta,30,"Twitter:@airdrop79, Discord:aiolos#6400"
testnet-acc,30,"Twitter:@rajubis05329927, Discord:rajub99#6474"
villa-potter,30,"Twitter:@cryptotowneu, Discord:leslieajax"
